序号,日期,动作,槽位,代码,行业,成交价,股数,成交额,滑动成本,实现收益%,实现盈亏元,槽位现金,账户净值,大盘MA60,备注
1,2025-07-01,买入,1,000737,黄金概念,11.511,2800,32231.81,257.85,,,1101.53,99744.19,站上,持有至2025-07-04到期
2,2025-07-01,涨停跳过,2,002940,创新药,40.601,0,0.0,0.0,,,33333.33,99744.19,站上,"买入日涨停封板, 14:45买不进, 本槽空置"
3,2025-07-01,涨停跳过,3,002080,PCB概念,21.45,0,0.0,0.0,,,33333.33,99744.19,站上,"买入日涨停封板, 14:45买不进, 本槽空置"
4,2025-07-04,卖出,1,000737,黄金概念,11.249,2800,31497.98,251.98,-2.28,-733.82,32599.51,131018.18,站上,到期
5,2025-07-04,买入,1,002558,电子竞技,25.193,1200,30231.53,241.85,,,2367.98,99026.24,站上,持有至2025-07-09到期
6,2025-07-04,买入,2,002366,超超临界发电,9.012,3600,32441.47,259.53,,,891.86,98768.77,站上,持有至2025-07-09到期
7,2025-07-04,买入,3,002555,电子竞技,18.227,1800,32807.98,262.46,,,525.35,98508.39,站上,持有至2025-07-09到期
8,2025-07-09,卖出,1,002558,电子竞技,25.845,1200,31013.49,248.11,2.59,781.96,33381.47,132863.88,站上,到期
9,2025-07-09,卖出,2,002366,超超临界发电,9.484,3600,34140.67,273.13,5.24,1699.2,35032.53,135884.95,站上,到期
10,2025-07-09,卖出,3,002555,电子竞技,18.334,1800,33001.46,264.01,0.59,193.48,33526.81,135208.41,站上,到期
11,2025-07-09,涨停跳过,1,000514,物业管理,6.24,0,0.0,0.0,,,33381.47,101940.81,站上,"买入日涨停封板, 14:45买不进, 本槽空置"
12,2025-07-09,买入,2,001267,共封装光学(CPO),11.894,2900,34493.76,275.95,,,538.77,101667.05,站上,持有至2025-07-14到期
13,2025-07-09,买入,3,002384,共封装光学(CPO),46.791,700,32753.95,262.03,,,772.86,101407.1,站上,持有至2025-07-14到期
14,2025-07-14,卖出,2,001267,共封装光学(CPO),11.835,2900,34320.22,274.56,-0.5,-173.54,34859.0,134704.32,站上,到期
15,2025-07-14,卖出,3,002384,共封装光学(CPO),46.822,700,32775.68,262.21,0.07,21.73,33548.54,134829.0,站上,到期
16,2025-07-14,涨停跳过,1,002121,电力物联网,6.58,0,0.0,0.0,,,33381.47,101789.0,站上,"买入日涨停封板, 14:45买不进, 本槽空置"
17,2025-07-14,涨停跳过,2,600173,金属铅,7.55,0,0.0,0.0,,,34859.0,101789.0,站上,"买入日涨停封板, 14:45买不进, 本槽空置"
18,2025-07-14,涨停跳过,3,001896,抽水蓄能,6.74,0,0.0,0.0,,,33548.54,101789.0,站上,"买入日涨停封板, 14:45买不进, 本槽空置"
19,2025-07-17,买入,1,002645,稀土永磁,13.134,2500,32835.6,262.68,,,545.87,101528.4,站上,持有至2025-07-22到期
20,2025-07-17,涨停跳过,2,002730,算力租赁,19.81,0,0.0,0.0,,,34859.0,101528.4,站上,"买入日涨停封板, 14:45买不进, 本槽空置"
21,2025-07-17,买入,3,603039,华为盘古,63.137,500,31568.54,252.55,,,1980.0,101277.86,站上,持有至2025-07-22到期
22,2025-07-22,卖出,1,002645,稀土永磁,14.582,2500,36456.0,291.65,11.03,3620.4,37001.87,142953.86,站上,到期
23,2025-07-22,卖出,3,603039,华为盘古,62.393,500,31196.42,249.57,-1.18,-372.13,33176.41,136485.28,站上,到期
24,2025-07-22,涨停跳过,1,002017,数字货币,22.36,0,0.0,0.0,,,37001.87,105037.28,站上,"买入日涨停封板, 14:45买不进, 本槽空置"
25,2025-07-22,涨停跳过,2,000983,煤炭概念,7.504,0,0.0,0.0,,,34859.0,105037.28,站上,"买入日涨停封板, 14:45买不进, 本槽空置"
26,2025-07-22,买入,3,000762,盐湖提锂,23.486,1400,32880.96,263.05,,,295.45,104776.32,站上,持有至2025-07-25到期
27,2025-07-25,卖出,3,000762,盐湖提锂,23.193,1400,32470.14,259.76,-1.25,-410.82,32765.6,137358.46,站上,到期
28,2025-07-25,买入,1,000657,PCB概念,19.233,1900,36542.02,292.34,,,459.85,104336.44,站上,持有至2025-07-30到期
29,2025-07-25,买入,2,002497,固态电池,15.715,2200,34572.38,276.58,,,286.61,104062.06,站上,持有至2025-07-30到期
30,2025-07-25,买入,3,002436,PCB概念,16.39,1900,31141.15,249.13,,,1624.44,103814.91,站上,持有至2025-07-30到期
31,2025-07-30,卖出,1,000657,PCB概念,16.963,1900,32230.08,257.84,-11.8,-4311.94,32689.93,136057.99,站上,到期
32,2025-07-30,卖出,2,002497,固态电池,14.523,2200,31950.34,255.6,-7.58,-2622.05,32236.95,133472.32,站上,到期
33,2025-07-30,卖出,3,002436,PCB概念,18.441,1900,35038.43,280.31,12.51,3897.28,36662.88,136910.76,站上,到期
34,2025-07-30,涨停跳过,1,000558,冰雪产业,6.59,0,0.0,0.0,,,32689.93,101589.76,站上,"买入日涨停封板, 14:45买不进, 本槽空置"
35,2025-07-30,涨停跳过,2,600010,稀土永磁,2.92,0,0.0,0.0,,,32236.95,101589.76,站上,"买入日涨停封板, 14:45买不进, 本槽空置"
36,2025-07-30,涨停跳过,3,001318,乳业,16.49,0,0.0,0.0,,,36662.88,101589.76,站上,"买入日涨停封板, 14:45买不进, 本槽空置"
37,2025-08-04,买入,1,002837,液冷服务器,42.85,700,29995.06,239.96,,,2694.88,101351.7,站上,持有至2025-08-07到期
38,2025-08-04,涨停跳过,2,600211,创新药,45.309,0,0.0,0.0,,,32236.95,101351.7,站上,"买入日涨停封板, 14:45买不进, 本槽空置"
39,2025-08-04,买入,3,002859,PCB概念,26.199,1300,34058.61,272.47,,,2604.27,101081.39,站上,持有至2025-08-07到期
40,2025-08-07,卖出,1,002837,液冷服务器,41.833,700,29282.85,234.26,-2.37,-712.21,31977.72,129242.24,站上,到期
41,2025-08-07,卖出,3,002859,PCB概念,24.95,1300,32434.73,259.48,-4.77,-1623.88,35039.0,131949.97,站上,到期
42,2025-08-07,涨停跳过,1,002017,数字货币,30.72,0,0.0,0.0,,,31977.72,99253.67,站上,"买入日涨停封板, 14:45买不进, 本槽空置"
43,2025-08-07,涨停跳过,2,002611,人形机器人,17.2,0,0.0,0.0,,,32236.95,99253.67,站上,"买入日涨停封板, 14:45买不进, 本槽空置"
44,2025-08-07,买入,3,002558,电子竞技,28.671,1200,34404.65,275.24,,,634.35,98980.62,站上,持有至2025-08-12到期
45,2025-08-12,卖出,3,002558,电子竞技,28.126,1200,33751.41,270.01,-1.9,-653.24,34385.76,132624.03,站上,到期
46,2025-08-12,买入,1,002837,液冷服务器,55.188,500,27594.0,220.75,,,4383.72,98381.43,站上,持有至2025-08-15到期
47,2025-08-12,涨停跳过,2,600246,存储芯片,9.23,0,0.0,0.0,,,32236.95,98381.43,站上,"买入日涨停封板, 14:45买不进, 本槽空置"
48,2025-08-12,涨停跳过,3,002176,小金属概念,9.55,0,0.0,0.0,,,34385.76,98381.43,站上,"买入日涨停封板, 14:45买不进, 本槽空置"
49,2025-08-15,卖出,1,002837,液冷服务器,63.309,500,31654.72,253.24,14.72,4060.72,36038.44,134571.15,站上,到期
50,2025-08-15,涨停跳过,1,002536,液冷服务器,29.62,0,0.0,0.0,,,36038.44,102661.15,站上,"买入日涨停封板, 14:45买不进, 本槽空置"
51,2025-08-15,买入,2,002837,液冷服务器,64.331,500,32165.28,257.32,,,71.67,102405.87,站上,持有至2025-08-20到期
52,2025-08-15,涨停跳过,3,002939,期货概念,11.984,0,0.0,0.0,,,34385.76,102405.87,站上,"买入日涨停封板, 14:45买不进, 本槽空置"
53,2025-08-20,卖出,2,002837,液冷服务器,68.746,500,34372.8,274.98,6.86,2207.52,34444.47,139518.67,站上,到期
54,2025-08-20,买入,1,002871,液冷服务器,17.086,2100,35879.76,287.04,,,158.68,104583.91,站上,持有至2025-08-25到期
55,2025-08-20,买入,2,002272,液冷服务器,19.323,1700,32849.71,262.8,,,1594.76,104323.2,站上,持有至2025-08-25到期
56,2025-08-20,买入,3,002536,液冷服务器,32.377,1000,32376.96,259.02,,,2008.8,104066.24,站上,持有至2025-08-25到期
57,2025-08-25,卖出,1,002871,液冷服务器,18.193,2100,38205.89,305.65,6.48,2326.13,38364.57,141108.13,站上,到期
58,2025-08-25,卖出,2,002272,液冷服务器,19.275,1700,32766.75,262.13,-0.25,-82.96,34361.51,136125.88,站上,到期
59,2025-08-25,卖出,3,002536,液冷服务器,28.044,1000,28043.84,224.35,-13.38,-4333.12,30052.64,131048.72,站上,到期
60,2025-08-25,买入,1,000617,信托概念,12.797,2900,37110.02,296.88,,,1254.55,102484.19,站上,持有至2025-08-28到期
61,2025-08-25,买入,2,000799,白酒概念,67.677,500,33838.56,270.71,,,522.95,102215.63,站上,持有至2025-08-28到期
62,2025-08-25,买入,3,600111,稀土永磁,53.112,500,26555.76,212.45,,,3496.88,102004.87,站上,持有至2025-08-28到期
63,2025-08-28,卖出,1,000617,信托概念,12.891,2900,37384.02,299.07,0.74,273.99,38638.56,140413.89,站上,到期
64,2025-08-28,卖出,2,000799,白酒概念,64.331,500,32165.6,257.32,-4.94,-1672.96,32688.55,133978.99,站上,到期
65,2025-08-28,卖出,3,600111,稀土永磁,55.691,500,27845.44,222.76,4.86,1289.68,31342.32,130739.43,站上,到期
66,2025-08-28,涨停跳过,1,002916,PCB概念,186.45,0,0.0,0.0,,,38638.56,102669.43,站上,"买入日涨停封板, 14:45买不进, 本槽空置"
67,2025-08-28,买入,2,002851,中国AI50,89.621,300,26886.38,215.09,,,5802.17,102456.05,站上,持有至2025-09-02到期
68,2025-08-28,买入,3,002364,中国AI50,28.133,1100,30946.61,247.57,,,395.71,102210.44,站上,持有至2025-09-02到期
69,2025-09-02,卖出,2,002851,中国AI50,80.183,300,24055.01,192.44,-10.53,-2831.38,29857.17,121806.45,站上,到期
70,2025-09-02,卖出,3,002364,中国AI50,24.036,1100,26439.78,211.52,-14.56,-4506.83,26835.49,121984.22,站上,到期
71,2025-09-02,买入,1,002048,减速器,29.635,1300,38525.76,308.21,,,112.8,95025.46,站上,持有至2025-09-05到期
72,2025-09-02,涨停跳过,2,000981,减速器,2.65,0,0.0,0.0,,,29857.17,95025.46,站上,"买入日涨停封板, 14:45买不进, 本槽空置"
73,2025-09-02,涨停跳过,3,600592,人形机器人,28.955,0,0.0,0.0,,,26835.49,95025.46,站上,"买入日涨停封板, 14:45买不进, 本槽空置"
74,2025-09-05,卖出,1,002048,减速器,29.8,1300,38739.58,309.92,0.56,213.82,38852.39,134597.05,站上,到期
75,2025-09-05,买入,1,002975,PCB概念,59.982,600,35989.23,287.91,,,2863.16,95259.42,站上,持有至2025-09-10到期
76,2025-09-05,买入,2,002074,钠离子电池,44.382,600,26629.34,213.03,,,3227.83,95048.07,站上,持有至2025-09-10到期
77,2025-09-05,涨停跳过,3,002812,钠离子电池,36.98,0,0.0,0.0,,,26835.49,95048.07,站上,"买入日涨停封板, 14:45买不进, 本槽空置"
78,2025-09-10,卖出,1,002975,PCB概念,61.014,600,36608.37,292.87,1.72,619.14,39471.53,134920.44,站上,到期
79,2025-09-10,卖出,2,002074,钠离子电池,46.386,600,27831.55,222.65,4.51,1202.21,31059.38,125422.4,站上,到期
80,2025-09-10,涨停跳过,1,002812,钠离子电池,43.56,0,0.0,0.0,,,39471.53,97366.4,站上,"买入日涨停封板, 14:45买不进, 本槽空置"
81,2025-09-10,买入,2,002251,免税店,7.167,4300,30817.58,246.54,,,241.8,97121.81,站上,持有至2025-09-15到期
82,2025-09-10,买入,3,000524,免税店,16.955,1500,25431.84,203.45,,,1403.65,96919.97,站上,持有至2025-09-15到期
83,2025-09-15,卖出,2,002251,免税店,6.716,4300,28878.11,231.02,-6.29,-1939.47,29119.91,122191.08,站上,到期
84,2025-09-15,卖出,3,000524,免税店,15.049,1500,22572.96,180.58,-11.24,-2858.88,23976.61,115323.04,站上,到期
85,2025-09-15,买入,1,002335,液冷服务器,70.913,500,35456.4,283.65,,,4015.13,92286.64,站上,持有至2025-09-18到期
86,2025-09-15,涨停跳过,2,000981,减速器,3.05,0,0.0,0.0,,,29119.91,92286.64,站上,"买入日涨停封板, 14:45买不进, 本槽空置"
87,2025-09-15,涨停跳过,3,002146,特色小镇,1.93,0,0.0,0.0,,,23976.61,92286.64,站上,"买入日涨停封板, 14:45买不进, 本槽空置"
88,2025-09-18,卖出,1,002335,液冷服务器,69.43,500,34715.04,277.72,-2.09,-741.36,38730.17,126821.68,站上,到期
89,2025-09-18,涨停跳过,1,600170,参股券商,3.88,0,0.0,0.0,,,38730.17,91826.68,站上,"买入日涨停封板, 14:45买不进, 本槽空置"
90,2025-09-18,涨停跳过,2,000559,人形机器人,11.52,0,0.0,0.0,,,29119.91,91826.68,站上,"买入日涨停封板, 14:45买不进, 本槽空置"
91,2025-09-18,买入,3,002050,人形机器人,45.793,500,22896.72,183.17,,,1079.89,91644.96,站上,持有至2025-09-23到期
92,2025-09-23,卖出,3,002050,人形机器人,44.551,500,22275.36,178.2,-2.71,-621.36,23355.25,113660.32,站上,到期
93,2025-09-23,涨停跳过,1,002549,氟化工概念,25.12,0,0.0,0.0,,,38730.17,91205.32,站上,"买入日涨停封板, 14:45买不进, 本槽空置"
94,2025-09-23,涨停跳过,2,001309,存储芯片,170.62,0,0.0,0.0,,,29119.91,91205.32,站上,"买入日涨停封板, 14:45买不进, 本槽空置"
95,2025-09-23,买入,3,002475,同花顺果指数,66.226,300,19867.68,158.94,,,3487.57,91047.64,站上,持有至2025-09-26到期
96,2025-09-26,卖出,3,002475,同花顺果指数,63.736,300,19120.8,152.97,-3.76,-746.88,22608.37,109733.44,站上,到期
97,2025-09-26,涨停跳过,1,002513,染料,8.59,0,0.0,0.0,,,38730.17,90458.44,站上,"买入日涨停封板, 14:45买不进, 本槽空置"
98,2025-09-26,涨停跳过,2,600629,上海国企改革,23.71,0,0.0,0.0,,,29119.91,90458.44,站上,"买入日涨停封板, 14:45买不进, 本槽空置"
99,2025-09-26,买入,3,002249,长安汽车概念,11.633,1900,22103.32,176.83,,,505.04,90283.02,站上,持有至2025-10-09到期
100,2025-10-09,卖出,3,002249,长安汽车概念,11.607,1900,22054.04,176.43,-0.22,-49.28,22559.09,112641.07,站上,到期
101,2025-10-09,涨停跳过,1,000021,存储芯片,30.66,0,0.0,0.0,,,38730.17,90409.17,站上,"买入日涨停封板, 14:45买不进, 本槽空置"
102,2025-10-09,涨停跳过,2,000981,减速器,4.66,0,0.0,0.0,,,29119.91,90409.17,站上,"买入日涨停封板, 14:45买不进, 本槽空置"
103,2025-10-09,涨停跳过,3,002460,盐湖提锂,66.97,0,0.0,0.0,,,22559.09,90409.17,站上,"买入日涨停封板, 14:45买不进, 本槽空置"
104,2025-10-14,买入,1,000045,粤港澳大湾区,16.38,2300,37674.0,301.39,,,1056.17,90110.17,站上,持有至2025-10-17到期
105,2025-10-14,涨停跳过,2,002040,航运概念,12.5,0,0.0,0.0,,,29119.91,90110.17,站上,"买入日涨停封板, 14:45买不进, 本槽空置"
106,2025-10-14,涨停跳过,3,600172,培育钻石,6.07,0,0.0,0.0,,,22559.09,90110.17,站上,"买入日涨停封板, 14:45买不进, 本槽空置"
107,2025-10-17,卖出,1,000045,粤港澳大湾区,13.809,2300,31759.87,254.08,-15.7,-5914.13,32816.04,116511.04,站上,到期
108,2025-10-17,涨停跳过,1,000626,粮食概念,9.76,0,0.0,0.0,,,32816.04,84495.04,站上,"买入日涨停封板, 14:45买不进, 本槽空置"
109,2025-10-17,买入,2,002040,航运概念,12.792,2200,28141.34,225.13,,,978.57,84271.69,站上,持有至2025-10-22到期
110,2025-10-17,买入,3,600179,航运概念,4.314,5200,22434.05,179.47,,,125.04,84093.65,站上,持有至2025-10-22到期
111,2025-10-22,卖出,2,002040,航运概念,11.438,2200,25163.07,201.3,-10.58,-2978.27,26141.64,108420.72,站上,到期
112,2025-10-22,卖出,3,600179,航运概念,4.256,5200,22129.54,177.04,-1.36,-304.51,22254.57,103520.25,站上,到期
113,2025-10-22,买入,1,002050,人形机器人,48.364,600,29018.3,232.15,,,3797.74,80981.95,站上,持有至2025-10-27到期
114,2025-10-22,买入,2,600601,PCB概念,10.806,2400,25933.82,207.47,,,207.81,80776.13,站上,持有至2025-10-27到期
115,2025-10-22,买入,3,002080,PCB概念,32.71,600,19625.76,157.01,,,2628.81,80620.37,站上,持有至2025-10-27到期
116,2025-10-27,卖出,1,002050,人形机器人,48.112,600,28867.2,230.94,-0.52,-151.1,32664.94,112067.57,站上,到期
117,2025-10-27,卖出,2,600601,PCB概念,11.894,2400,28545.79,228.37,10.07,2611.97,28753.61,112161.36,站上,到期
118,2025-10-27,卖出,3,002080,PCB概念,32.061,600,19236.86,153.89,-1.98,-388.9,21865.68,102676.22,站上,到期
119,2025-10-27,涨停跳过,1,001267,共封装光学(CPO),21.57,0,0.0,0.0,,,32664.94,83284.22,站上,"买入日涨停封板, 14:45买不进, 本槽空置"
120,2025-10-27,涨停跳过,2,001309,存储芯片,238.61,0,0.0,0.0,,,28753.61,83284.22,站上,"买入日涨停封板, 14:45买不进, 本槽空置"
121,2025-10-27,涨停跳过,3,002213,存储芯片,25.58,0,0.0,0.0,,,21865.68,83284.22,站上,"买入日涨停封板, 14:45买不进, 本槽空置"
122,2025-10-30,涨停跳过,1,603067,军工,23.98,0,0.0,0.0,,,32664.94,83284.22,站上,"买入日涨停封板, 14:45买不进, 本槽空置"
123,2025-10-30,涨停跳过,2,000555,网络安全,18.4,0,0.0,0.0,,,28753.61,83284.22,站上,"买入日涨停封板, 14:45买不进, 本槽空置"
124,2025-10-30,涨停跳过,3,001203,小金属概念,17.73,0,0.0,0.0,,,21865.68,83284.22,站上,"买入日涨停封板, 14:45买不进, 本槽空置"
125,2025-11-04,买入,1,000555,网络安全,22.075,1400,30905.28,247.24,,,1759.66,83038.94,站上,持有至2025-11-07到期
126,2025-11-04,买入,2,002163,海南自贸区,15.14,1800,27252.29,218.02,,,1501.32,82822.65,站上,持有至2025-11-07到期
127,2025-11-04,涨停跳过,3,000572,海南自贸区,7.99,0,0.0,0.0,,,21865.68,82822.65,站上,"买入日涨停封板, 14:45买不进, 本槽空置"
128,2025-11-07,卖出,1,000555,网络安全,19.394,1400,27151.04,217.21,-12.15,-3754.24,28910.7,108087.69,站上,到期
129,2025-11-07,卖出,2,002163,海南自贸区,16.507,1800,29712.38,237.7,9.03,2460.1,31213.7,111942.08,站上,到期
130,2025-11-07,涨停跳过,1,000572,海南自贸区,9.9,0,0.0,0.0,,,28910.7,81990.08,站上,"买入日涨停封板, 14:45买不进, 本槽空置"
131,2025-11-07,涨停跳过,2,002451,智能电网,10.37,0,0.0,0.0,,,31213.7,81990.08,站上,"买入日涨停封板, 14:45买不进, 本槽空置"
132,2025-11-07,买入,3,002163,海南自贸区,16.773,1300,21805.06,174.44,,,60.62,81817.02,站上,持有至2025-11-12到期
133,2025-11-12,卖出,3,002163,海南自贸区,14.84,1300,19292.42,154.34,-11.52,-2512.64,19353.04,98925.44,站上,到期
134,2025-11-12,涨停跳过,1,002451,智能电网,13.81,0,0.0,0.0,,,28910.7,79477.44,站上,"买入日涨停封板, 14:45买不进, 本槽空置"
135,2025-11-12,涨停跳过,2,002083,氟化工概念,9.55,0,0.0,0.0,,,31213.7,79477.44,站上,"买入日涨停封板, 14:45买不进, 本槽空置"
136,2025-11-12,买入,3,002326,氟化工概念,27.448,700,19213.49,153.71,,,139.55,79324.95,站上,持有至2025-11-17到期
137,2025-11-17,卖出,3,002326,氟化工概念,30.782,700,21547.23,172.38,12.15,2333.74,21686.78,103532.18,站上,到期
138,2025-11-17,涨停跳过,1,002083,氟化工概念,12.72,0,0.0,0.0,,,28910.7,81811.18,站上,"买入日涨停封板, 14:45买不进, 本槽空置"
139,2025-11-17,买入,2,603026,氟化工概念,107.644,200,21528.86,172.23,,,9684.84,81640.32,站上,持有至2025-11-20到期
140,2025-11-17,涨停跳过,3,002326,氟化工概念,31.03,0,0.0,0.0,,,21686.78,81640.32,站上,"买入日涨停封板, 14:45买不进, 本槽空置"
141,2025-11-20,卖出,2,603026,氟化工概念,86.562,200,17312.38,138.5,-19.59,-4216.48,26997.22,95046.7,站上,到期
142,2025-11-20,涨停跳过,1,000547,军工信息化,13.78,0,0.0,0.0,,,28910.7,77594.7,站上,"买入日涨停封板, 14:45买不进, 本槽空置"
143,2025-11-20,涨停跳过,2,002474,Web3.0,11.32,0,0.0,0.0,,,26997.22,77594.7,站上,"买入日涨停封板, 14:45买不进, 本槽空置"
144,2025-11-20,涨停跳过,3,000663,乡村振兴,9.8,0,0.0,0.0,,,21686.78,77594.7,站上,"买入日涨停封板, 14:45买不进, 本槽空置"
145,2025-11-25,涨停跳过,1,002474,Web3.0,13.71,0,0.0,0.0,,,28910.7,77594.7,站上,"买入日涨停封板, 14:45买不进, 本槽空置"
146,2025-11-25,涨停跳过,2,000070,光纤概念,12.65,0,0.0,0.0,,,26997.22,77594.7,站上,"买入日涨停封板, 14:45买不进, 本槽空置"
147,2025-11-25,买入,3,002235,Web3.0,9.284,2300,21352.46,170.82,,,334.32,77425.24,站上,持有至2025-11-28到期
148,2025-11-28,卖出,3,002235,Web3.0,9.216,2300,21196.06,169.57,-0.73,-156.4,21530.38,98805.3,站上,到期
149,2025-11-28,涨停跳过,1,002596,海南自贸区,6.34,0,0.0,0.0,,,28910.7,77438.3,站上,"买入日涨停封板, 14:45买不进, 本槽空置"
150,2025-11-28,买入,2,002759,氟化工概念,45.39,500,22695.12,181.56,,,4302.1,77258.18,站上,持有至2025-12-03到期
151,2025-11-28,买入,3,603026,氟化工概念,93.19,200,18637.92,149.1,,,2892.46,77110.26,站上,持有至2025-12-03到期
152,2025-12-03,卖出,2,002759,氟化工概念,37.865,500,18932.32,151.46,-16.58,-3762.8,23234.42,91276.58,站上,到期
153,2025-12-03,卖出,3,603026,氟化工概念,77.822,200,15564.48,124.52,-16.49,-3073.44,18456.94,86292.06,站上,到期
154,2025-12-03,涨停跳过,1,002565,卫星导航,10.68,0,0.0,0.0,,,28910.7,70602.06,站上,"买入日涨停封板, 14:45买不进, 本槽空置"
155,2025-12-03,涨停跳过,2,002519,军工信息化,6.52,0,0.0,0.0,,,23234.42,70602.06,站上,"买入日涨停封板, 14:45买不进, 本槽空置"
156,2025-12-03,买入,3,000547,军工信息化,17.338,1000,17337.6,138.7,,,1119.34,70464.46,站上,持有至2025-12-08到期
157,2025-12-08,卖出,3,000547,军工信息化,21.824,1000,21824.0,174.59,25.88,4486.4,22943.34,97088.46,站上,到期
158,2025-12-08,买入,1,600105,共封装光学(CPO),18.285,1500,27427.68,219.42,,,1483.02,74870.78,站上,持有至2025-12-11到期
159,2025-12-08,买入,2,000823,共封装光学(CPO),14.626,1500,21939.12,175.51,,,1295.3,74696.66,站上,持有至2025-12-11到期
160,2025-12-08,涨停跳过,3,002164,减速器,15.05,0,0.0,0.0,,,22943.34,74696.66,站上,"买入日涨停封板, 14:45买不进, 本槽空置"
161,2025-12-11,卖出,1,600105,共封装光学(CPO),20.872,1500,31307.52,250.46,14.15,3879.84,32790.54,112409.18,跌破,到期
162,2025-12-11,卖出,2,000823,共封装光学(CPO),15.366,1500,23049.12,184.39,5.06,1110.0,24344.42,103313.3,跌破,到期
163,2025-12-19,涨停跳过,1,002188,物业管理,7.47,0,0.0,0.0,,,32790.54,80078.3,站上,"买入日涨停封板, 14:45买不进, 本槽空置"
164,2025-12-19,涨停跳过,2,002149,航空发动机,37.72,0,0.0,0.0,,,24344.42,80078.3,站上,"买入日涨停封板, 14:45买不进, 本槽空置"
165,2025-12-19,涨停跳过,3,002361,航空发动机,8.17,0,0.0,0.0,,,22943.34,80078.3,站上,"买入日涨停封板, 14:45买不进, 本槽空置"
166,2025-12-24,涨停跳过,1,002361,航空发动机,10.88,0,0.0,0.0,,,32790.54,80078.3,站上,"买入日涨停封板, 14:45买不进, 本槽空置"
167,2025-12-24,买入,2,002149,航空发动机,42.336,500,21168.0,169.34,,,3176.42,79910.3,站上,持有至2025-12-29到期
168,2025-12-24,涨停跳过,3,600118,国产航母,66.12,0,0.0,0.0,,,22943.34,79910.3,站上,"买入日涨停封板, 14:45买不进, 本槽空置"
169,2025-12-29,卖出,2,002149,航空发动机,44.352,500,22176.16,177.41,4.76,1008.16,25352.58,103441.46,站上,到期
170,2025-12-29,涨停跳过,1,001331,天然气,46.31,0,0.0,0.0,,,32790.54,81086.46,站上,"买入日涨停封板, 14:45买不进, 本槽空置"
171,2025-12-29,涨停跳过,2,600118,国产航母,88.0,0,0.0,0.0,,,25352.58,81086.46,站上,"买入日涨停封板, 14:45买不进, 本槽空置"
172,2025-12-29,涨停跳过,3,002931,长安汽车概念,26.2,0,0.0,0.0,,,22943.34,81086.46,站上,"买入日涨停封板, 14:45买不进, 本槽空置"
173,2026-01-05,买入,1,000547,军工信息化,33.345,900,30010.18,240.08,,,2780.36,80848.29,站上,持有至2026-01-08到期
174,2026-01-05,涨停跳过,2,002465,军工信息化,17.33,0,0.0,0.0,,,25352.58,80848.29,站上,"买入日涨停封板, 14:45买不进, 本槽空置"
175,2026-01-05,涨停跳过,3,002131,快手概念,6.2,0,0.0,0.0,,,22943.34,80848.29,站上,"买入日涨停封板, 14:45买不进, 本槽空置"
176,2026-01-08,卖出,1,000547,军工信息化,36.535,900,32881.82,263.05,9.57,2871.65,35662.19,117105.11,站上,到期
177,2026-01-08,涨停跳过,1,002519,军工信息化,9.48,0,0.0,0.0,,,35662.19,83958.11,站上,"买入日涨停封板, 14:45买不进, 本槽空置"
178,2026-01-08,买入,2,002151,卫星导航,60.168,400,24067.01,192.54,,,1285.57,83767.1,站上,持有至2026-01-13到期
179,2026-01-08,买入,3,002465,军工信息化,20.472,1100,22519.73,180.16,,,423.61,83588.37,站上,持有至2026-01-13到期
180,2026-01-13,卖出,2,002151,卫星导航,59.728,400,23891.33,191.13,-0.73,-175.68,25176.9,109546.7,站上,到期
181,2026-01-13,卖出,3,002465,军工信息化,24.006,1100,26407.04,211.26,17.26,3887.31,26830.65,114289.74,站上,到期
182,2026-01-13,涨停跳过,1,002931,长安汽车概念,61.79,0,0.0,0.0,,,35662.19,87669.74,站上,"买入日涨停封板, 14:45买不进, 本槽空置"
183,2026-01-13,涨停跳过,2,002131,快手概念,9.03,0,0.0,0.0,,,25176.9,87669.74,站上,"买入日涨停封板, 14:45买不进, 本槽空置"
184,2026-01-13,涨停跳过,3,002400,快手概念,12.55,0,0.0,0.0,,,26830.65,87669.74,站上,"买入日涨停封板, 14:45买不进, 本槽空置"
185,2026-01-16,涨停跳过,1,002119,存储芯片,21.85,0,0.0,0.0,,,35662.19,87669.74,站上,"买入日涨停封板, 14:45买不进, 本槽空置"
186,2026-01-16,涨停跳过,2,002028,抽水蓄能,185.9,0,0.0,0.0,,,25176.9,87669.74,站上,"买入日涨停封板, 14:45买不进, 本槽空置"
187,2026-01-21,涨停跳过,1,001337,黄金概念,43.76,0,0.0,0.0,,,35662.19,87669.74,站上,"买入日涨停封板, 14:45买不进, 本槽空置"
188,2026-01-21,买入,2,002119,存储芯片,25.079,1000,25079.04,200.63,,,97.86,87470.7,站上,持有至2026-01-26到期
189,2026-01-21,涨停跳过,3,002716,金属铅,13.64,0,0.0,0.0,,,26830.65,87470.7,站上,"买入日涨停封板, 14:45买不进, 本槽空置"
190,2026-01-26,卖出,2,002119,存储芯片,22.32,1000,22320.0,178.56,-11.0,-2759.04,22417.86,107410.7,站上,到期
191,2026-01-26,涨停跳过,1,002716,金属铅,18.08,0,0.0,0.0,,,35662.19,84910.7,站上,"买入日涨停封板, 14:45买不进, 本槽空置"
192,2026-01-26,涨停跳过,2,001337,黄金概念,55.25,0,0.0,0.0,,,22417.86,84910.7,站上,"买入日涨停封板, 14:45买不进, 本槽空置"
193,2026-01-26,涨停跳过,3,000603,金属铅,56.65,0,0.0,0.0,,,26830.65,84910.7,站上,"买入日涨停封板, 14:45买不进, 本槽空置"
194,2026-01-29,涨停跳过,1,001337,黄金概念,73.53,0,0.0,0.0,,,35662.19,84910.7,站上,"买入日涨停封板, 14:45买不进, 本槽空置"
195,2026-01-29,涨停跳过,2,002155,金属铅,33.64,0,0.0,0.0,,,22417.86,84910.7,站上,"买入日涨停封板, 14:45买不进, 本槽空置"
196,2026-01-29,涨停跳过,3,000630,金属铜,9.19,0,0.0,0.0,,,26830.65,84910.7,站上,"买入日涨停封板, 14:45买不进, 本槽空置"
197,2026-02-03,买入,1,002149,航空发动机,57.486,600,34491.74,275.93,,,1170.44,84636.96,站上,持有至2026-02-06到期
198,2026-02-03,买入,2,002131,快手概念,10.261,2100,21549.02,172.39,,,868.84,84465.93,站上,持有至2026-02-06到期
199,2026-02-03,涨停跳过,3,000547,军工信息化,32.38,0,0.0,0.0,,,26830.65,84465.93,站上,"买入日涨停封板, 14:45买不进, 本槽空置"
200,2026-02-06,卖出,1,002149,航空发动机,54.788,600,32872.9,262.98,-4.69,-1618.85,34043.34,113402.83,站上,到期
201,2026-02-06,卖出,2,002131,快手概念,8.392,2100,17623.87,140.99,-18.21,-3925.15,18492.71,97132.7,站上,到期
202,2026-02-06,涨停跳过,1,002361,航空发动机,15.24,0,0.0,0.0,,,34043.34,79366.7,站上,"买入日涨停封板, 14:45买不进, 本槽空置"
203,2026-02-06,买入,2,002471,航空发动机,9.848,1800,17726.69,141.81,,,766.02,79226.01,站上,持有至2026-02-11到期
204,2026-02-06,买入,3,001316,航空发动机,59.835,400,23933.95,191.47,,,2896.7,79036.06,站上,持有至2026-02-11到期
205,2026-02-11,卖出,2,002471,航空发动机,9.226,1800,16606.08,132.85,-6.32,-1120.61,17372.1,93788.14,站上,到期
206,2026-02-11,卖出,3,001316,航空发动机,52.854,400,21141.5,169.13,-11.67,-2792.45,24038.21,96765.65,站上,到期
207,2026-02-11,涨停跳过,1,002455,磷化工,14.83,0,0.0,0.0,,,34043.34,75453.65,站上,"买入日涨停封板, 14:45买不进, 本槽空置"
208,2026-02-11,涨停跳过,2,002842,小金属概念,35.01,0,0.0,0.0,,,17372.1,75453.65,站上,"买入日涨停封板, 14:45买不进, 本槽空置"
209,2026-02-11,涨停跳过,3,002378,小金属概念,27.64,0,0.0,0.0,,,24038.21,75453.65,站上,"买入日涨停封板, 14:45买不进, 本槽空置"
210,2026-02-24,买入,1,002080,PCB概念,52.154,600,31292.35,250.34,,,2750.99,75205.29,站上,持有至2026-02-27到期
211,2026-02-24,涨停跳过,2,600176,PCB概念,28.3,0,0.0,0.0,,,17372.1,75205.29,站上,"买入日涨停封板, 14:45买不进, 本槽空置"
212,2026-02-24,买入,3,000070,光纤概念,18.346,1300,23849.28,190.79,,,188.93,75016.01,站上,持有至2026-02-27到期
213,2026-02-27,卖出,1,002080,PCB概念,50.225,600,30134.98,241.08,-3.7,-1157.38,32885.96,104380.99,站上,到期
214,2026-02-27,卖出,3,000070,光纤概念,17.727,1300,23045.15,184.36,-3.37,-804.13,23234.08,96723.14,站上,到期
215,2026-02-27,买入,1,002428,光纤概念,48.646,600,29187.65,233.5,,,3698.31,73260.49,站上,持有至2026-03-04到期
216,2026-02-27,买入,2,002008,光纤概念,72.878,200,14575.68,116.61,,,2796.42,73144.81,站上,持有至2026-03-04到期
217,2026-02-27,涨停跳过,3,002378,小金属概念,40.6,0,0.0,0.0,,,23234.08,73144.81,站上,"买入日涨停封板, 14:45买不进, 本槽空置"
218,2026-03-04,卖出,1,002428,光纤概念,44.094,600,26456.64,211.65,-9.36,-2731.01,30154.95,96945.45,站上,到期
219,2026-03-04,卖出,2,002008,光纤概念,69.49,200,13897.92,111.18,-4.65,-677.76,16694.34,84093.37,站上,到期
220,2026-03-04,买入,1,002378,小金属概念,45.34,600,27203.9,217.63,,,2951.05,69867.47,站上,持有至2026-03-09到期
221,2026-03-04,买入,2,002491,光纤概念,12.751,1300,16576.56,132.61,,,117.78,69735.91,站上,持有至2026-03-09到期
222,2026-03-04,买入,3,002842,小金属概念,46.418,500,23209.2,185.67,,,24.88,69551.71,站上,持有至2026-03-09到期
223,2026-03-09,卖出,1,002378,小金属概念,44.551,600,26730.43,213.84,-1.74,-473.47,29681.48,93173.14,站上,到期
224,2026-03-09,卖出,2,002491,光纤概念,10.902,1300,14172.7,113.38,-14.5,-2403.86,14290.49,79788.85,站上,到期
225,2026-03-09,卖出,3,002842,小金属概念,41.059,500,20529.44,164.24,-11.55,-2679.76,20554.32,85221.29,站上,到期
226,2026-03-09,买入,1,600673,算力租赁,40.32,700,28224.0,225.79,,,1457.48,64302.29,站上,持有至2026-03-12到期
227,2026-03-09,涨停跳过,2,000815,算力租赁,17.94,0,0.0,0.0,,,14290.49,64302.29,站上,"买入日涨停封板, 14:45买不进, 本槽空置"
228,2026-03-09,买入,3,001267,共封装光学(CPO),41.862,400,16744.9,133.96,,,3809.42,64169.39,站上,持有至2026-03-12到期
229,2026-03-12,卖出,1,600673,算力租赁,37.498,700,26248.32,209.99,-7.0,-1975.68,27705.8,91905.71,站上,到期
230,2026-03-12,卖出,3,001267,共封装光学(CPO),45.662,400,18264.7,146.12,9.08,1519.81,22074.13,82482.41,站上,到期
231,2026-03-12,涨停跳过,1,000537,绿色电力,12.51,0,0.0,0.0,,,27705.8,64070.41,站上,"买入日涨停封板, 14:45买不进, 本槽空置"
232,2026-03-12,买入,2,002455,磷化工,16.289,800,13031.42,104.25,,,1259.06,63966.99,站上,持有至2026-03-17到期
233,2026-03-12,买入,3,001258,绿色电力,9.909,2200,21799.01,174.39,,,275.12,63793.98,站上,持有至2026-03-17到期
234,2026-03-17,卖出,2,002455,磷化工,14.186,800,11348.48,90.79,-12.91,-1682.94,12607.54,72158.46,站上,到期
235,2026-03-17,卖出,3,001258,绿色电力,9.543,2200,20994.69,167.96,-3.69,-804.32,21269.81,82747.15,站上,到期
236,2026-03-17,涨停跳过,1,000890,净水概念,13.42,0,0.0,0.0,,,27705.8,61583.15,站上,"买入日涨停封板, 14:45买不进, 本槽空置"
237,2026-03-17,涨停跳过,2,002150,储能,34.87,0,0.0,0.0,,,12607.54,61583.15,站上,"买入日涨停封板, 14:45买不进, 本槽空置"
238,2026-03-17,买入,3,601330,生物质能发电,9.778,2100,20532.96,164.26,,,736.85,61420.19,站上,持有至2026-03-20到期
239,2026-03-20,卖出,3,601330,生物质能发电,9.722,2100,20415.36,163.32,-0.57,-117.6,21152.21,82045.55,跌破,到期
240,2026-05-07,买入,1,001266,PCB概念,44.056,600,26433.39,211.47,,,1272.41,61255.76,站上,持有至2026-05-12到期
241,2026-05-07,涨停跳过,2,600673,算力租赁,42.83,0,0.0,0.0,,,12607.54,61255.76,站上,"买入日涨停封板, 14:45买不进, 本槽空置"
242,2026-05-07,涨停跳过,3,000818,算力租赁,18.54,0,0.0,0.0,,,21152.21,61255.76,站上,"买入日涨停封板, 14:45买不进, 本槽空置"
243,2026-05-12,卖出,1,001266,PCB概念,43.902,600,26341.17,210.73,-0.35,-92.22,27613.58,87926.93,站上,到期
244,2026-05-12,涨停跳过,1,002491,光纤概念,25.0,0,0.0,0.0,,,27613.58,61373.33,站上,"买入日涨停封板, 14:45买不进, 本槽空置"
245,2026-05-12,涨停跳过,2,002552,PCB概念,33.46,0,0.0,0.0,,,12607.54,61373.33,站上,"买入日涨停封板, 14:45买不进, 本槽空置"
246,2026-05-12,涨停跳过,3,002428,光纤概念,101.42,0,0.0,0.0,,,21152.21,61373.33,站上,"买入日涨停封板, 14:45买不进, 本槽空置"
247,2026-05-15,涨停跳过,1,002918,智能家居,18.55,0,0.0,0.0,,,27613.58,61373.33,站上,"买入日涨停封板, 14:45买不进, 本槽空置"
248,2026-05-15,涨停跳过,2,002971,氟化工概念,41.21,0,0.0,0.0,,,12607.54,61373.33,站上,"买入日涨停封板, 14:45买不进, 本槽空置"
249,2026-05-15,涨停跳过,3,002979,人形机器人,59.8,0,0.0,0.0,,,21152.21,61373.33,站上,"买入日涨停封板, 14:45买不进, 本槽空置"
250,2026-05-20,买入,1,002980,共封装光学(CPO),111.908,200,22381.63,179.05,,,5231.95,61195.7,站上,持有至2026-05-25到期
251,2026-05-20,涨停跳过,2,002272,液冷服务器,24.94,0,0.0,0.0,,,12607.54,61195.7,站上,"买入日涨停封板, 14:45买不进, 本槽空置"
252,2026-05-20,买入,3,002518,液冷服务器,64.452,300,19335.46,154.68,,,1816.75,61042.24,站上,持有至2026-05-25到期
253,2026-05-25,卖出,1,002980,共封装光学(CPO),126.996,200,25399.17,203.19,13.48,3017.54,30631.12,89244.41,跌破,到期
254,2026-05-25,卖出,3,002518,液冷服务器,59.371,300,17811.36,142.49,-7.88,-1524.1,19628.11,80821.77,跌破,到期
