代码,买入日期,买入价,股数,卖出日期,卖出价,收益%,盈亏元,市况,退出原因,持有交易日,距60高回撤%,MA60乖离%,RSI
600114,2024-11-27,15.86,1200,2024-12-11,17.06,7.61,1448.0,牛市,到期,10,-20.8,-2.8,30.2
600189,2024-11-27,7.42,2700,2024-12-11,8.33,12.32,2468.0,牛市,到期,10,-24.0,-4.6,20.5
601878,2024-11-27,12.29,1600,2024-12-11,12.57,2.29,450.0,牛市,到期,10,-22.5,-1.0,18.4
002875,2024-11-28,14.63,1400,2024-12-12,15.44,5.53,1133.0,牛市,到期,10,-34.8,-5.3,25.6
600552,2024-11-28,12.3,1600,2024-12-12,12.44,1.16,227.0,牛市,到期,10,-26.7,-3.1,34.8
600416,2024-12-12,11.73,1800,2024-12-26,10.75,-8.35,-1764.0,牛市,到期,10,-23.7,-4.3,22.8
000792,2024-12-19,17.03,1200,2025-01-03,16.21,-4.79,-979.0,牛市,到期,10,-18.6,-4.8,30.2
600745,2024-12-19,36.28,500,2025-01-03,33.18,-8.53,-1548.0,牛市,到期,10,-29.4,-3.8,24.3
000503,2024-12-20,12.61,1800,2025-01-06,9.88,-21.65,-4914.0,牛市,到期,10,-27.9,-2.1,29.4
002654,2024-12-20,13.61,1700,2025-01-06,10.92,-19.74,-4566.0,牛市,到期,10,-31.9,-0.8,26.9
000546,2024-12-26,4.92,3900,2025-01-10,4.41,-10.26,-1968.0,牛市,到期,10,-29.8,-13.8,27.8
000612,2025-01-03,6.46,2800,2025-01-17,7.06,9.31,1685.0,熊市,到期,10,-21.7,-6.0,31.6
002155,2025-01-03,12.74,1400,2025-01-17,13.05,2.42,432.0,熊市,到期,10,-25.4,-2.8,31.8
000078,2025-01-06,2.56,7100,2025-01-20,2.47,-3.52,-641.0,熊市,到期,10,-20.4,-8.9,30.4
000518,2025-01-06,2.66,7000,2025-01-20,2.52,-5.32,-990.0,熊市,到期,10,-33.8,-13.3,27.4
000789,2025-01-10,4.81,3500,2025-01-24,4.8,-0.14,-24.0,熊市,到期,10,-20.1,-8.8,33.3
000014,2025-01-17,10.39,1800,2025-02-10,10.65,2.52,471.0,熊市,到期,10,-25.7,-11.4,30.1
000402,2025-01-17,3.22,6100,2025-02-10,3.16,-1.59,-311.0,熊市,到期,10,-32.3,-12.6,31.0
000009,2025-01-20,8.76,2000,2025-02-11,8.32,-4.98,-873.0,熊市,到期,10,-21.4,-9.2,25.2
000029,2025-01-20,14.5,1200,2025-02-11,15.13,4.37,760.0,熊市,到期,10,-24.9,-9.3,30.8
002494,2025-01-24,4.06,4200,2025-02-17,4.25,4.52,771.0,熊市,到期,10,-18.1,-2.3,31.5
603682,2025-02-10,5.2,3700,2025-02-24,5.55,6.61,1273.0,牛市,到期,10,-39.1,-2.9,19.9
002310,2025-02-11,1.79,10000,2025-02-25,1.68,-6.56,-1178.0,牛市,到期,10,-33.3,-13.3,33.3
002742,2025-02-11,3.58,5000,2025-02-25,3.58,0.02,4.0,牛市,到期,10,-29.7,-12.1,30.7
603868,2025-02-12,36.03,500,2025-02-26,34.58,-4.01,-722.0,牛市,到期,10,-29.9,-11.1,29.2
000525,2025-02-17,5.78,3100,2025-03-03,5.62,-2.62,-469.0,牛市,到期,10,-39.1,-19.5,29.3
600029,2025-02-24,5.9,3500,2025-03-10,5.84,-0.91,-189.0,牛市,到期,10,-21.9,-8.4,33.7
002718,2025-02-26,13.83,1200,2025-03-12,13.83,-0.01,-2.0,牛市,到期,10,-26.9,-2.2,4.2
000061,2025-02-27,6.28,2800,2025-03-13,6.07,-3.32,-585.0,牛市,到期,10,-21.7,-9.7,32.9
000809,2025-02-27,2.8,6300,2025-03-13,3.26,16.47,2907.0,牛市,到期,10,-23.8,-7.7,33.3
000061,2025-03-03,6.24,2800,2025-03-17,6.32,1.27,223.0,牛市,到期,10,-22.2,-9.7,22.0
000518,2025-03-10,2.3,8900,2025-03-24,2.24,-2.45,-501.0,牛市,到期,10,-40.5,-15.5,29.5
000972,2025-03-12,3.22,5200,2025-03-26,3.16,-1.59,-265.0,牛市,到期,10,-20.2,-0.9,25.9
002390,2025-03-13,3.9,4800,2025-03-27,3.74,-4.13,-774.0,牛市,到期,10,-19.2,-5.1,20.9
002849,2025-03-13,16.91,1100,2025-03-27,15.54,-8.1,-1507.0,牛市,到期,10,-19.9,-1.5,33.8
600692,2025-03-17,7.63,2300,2025-03-31,7.89,3.35,588.0,牛市,到期,10,-27.9,-11.2,34.0
600418,2025-03-25,33.04,600,2025-04-09,30.42,-7.92,-1571.0,牛市,到期,10,-26.8,-11.3,33.5
002400,2025-03-26,8.23,2000,2025-04-10,6.84,-16.9,-2781.0,牛市,到期,10,-19.6,-5.1,30.4
002095,2025-03-27,17.99,900,2025-04-11,15.9,-11.62,-1882.0,牛市,到期,10,-22.5,-5.3,30.4
600556,2025-03-27,5.18,3700,2025-04-11,4.51,-12.88,-2470.0,牛市,到期,10,-26.1,-5.6,32.6
002279,2025-03-31,6.6,2700,2025-04-15,6.63,0.37,65.0,牛市,到期,10,-25.6,-4.8,19.5
000833,2025-04-09,11.1,1600,2025-04-23,11.72,5.65,1004.0,熊市,到期,10,-30.1,-11.0,33.0
002172,2025-04-10,3.24,4500,2025-04-24,3.49,7.92,1153.0,熊市,到期,10,-22.7,-5.3,31.5
000680,2025-04-11,8.72,1700,2025-04-25,9.02,3.53,524.0,熊市,到期,10,-20.0,-9.5,32.5
001339,2025-04-11,46.54,300,2025-04-25,47.0,0.99,138.0,熊市,到期,10,-30.7,-2.6,30.7
001277,2025-04-15,34.06,500,2025-04-29,37.73,10.76,1833.0,熊市,到期,10,-18.4,-8.6,33.6
000039,2025-04-23,7.49,2900,2025-05-12,7.75,3.58,777.0,熊市,到期,10,-25.6,-7.9,27.4
002645,2025-04-29,7.39,2100,2025-05-16,8.2,11.03,1712.0,熊市,到期,10,-28.6,-4.7,30.7
603330,2025-04-29,6.57,2400,2025-05-16,6.75,2.64,416.0,熊市,到期,10,-28.5,-13.3,26.1
000785,2025-04-30,3.34,4900,2025-05-19,3.39,1.68,275.0,熊市,到期,10,-40.6,-21.4,21.9
000816,2025-04-30,3.06,5400,2025-05-19,3.19,4.24,702.0,熊市,到期,10,-34.6,-11.8,19.2
601116,2025-05-14,11.03,2000,2025-05-28,10.56,-4.2,-925.0,牛市,到期,10,-28.8,-5.0,31.9
002629,2025-05-16,4.94,3400,2025-05-30,4.92,-0.38,-64.0,牛市,到期,10,-19.7,-5.3,28.7
600419,2025-05-16,9.67,1700,2025-05-30,9.76,0.98,161.0,牛市,到期,10,-19.1,-4.6,28.2
605300,2025-05-19,13.87,1200,2025-06-03,14.73,6.21,1033.0,牛市,到期,10,-25.1,-3.1,27.0
002707,2025-05-20,7.84,2300,2025-06-04,7.55,-3.74,-674.0,牛市,到期,10,-21.0,-3.9,28.3
000056,2025-05-28,3.17,6600,2025-06-12,3.11,-1.59,-332.0,牛市,到期,10,-23.0,-6.5,34.4
603887,2025-05-30,17.42,900,2025-06-16,16.57,-4.89,-767.0,牛市,到期,10,-28.6,-8.6,33.2
000032,2025-06-03,19.78,800,2025-06-17,19.05,-3.69,-584.0,牛市,到期,10,-29.4,-12.4,25.3
002093,2025-06-03,10.95,1800,2025-06-17,11.36,3.76,741.0,牛市,到期,10,-31.1,-3.8,31.1
000815,2025-06-04,12.22,1400,2025-06-18,12.26,0.36,62.0,牛市,到期,10,-30.6,-6.5,18.9
603416,2025-06-12,54.01,300,2025-06-26,52.75,-2.34,-380.0,牛市,到期,10,-22.1,-2.3,27.2
000422,2025-06-17,12.13,1500,2025-07-01,11.76,-3.06,-557.0,牛市,到期,10,-26.2,-2.8,28.5
600480,2025-06-17,11.24,1600,2025-07-01,11.79,4.91,883.0,牛市,到期,10,-24.7,-7.0,26.9
002434,2025-06-18,6.89,2600,2025-07-02,7.23,4.89,876.0,牛市,到期,10,-27.7,-6.4,32.0
003021,2025-06-18,101.02,100,2025-07-02,103.5,2.45,247.0,牛市,到期,10,-32.9,-13.6,32.8
000510,2025-06-27,5.1,4700,2025-07-11,5.07,-0.61,-147.0,牛市,到期,10,-29.2,-1.6,18.2
002299,2025-07-01,14.31,1200,2025-07-15,15.87,10.96,1882.0,牛市,到期,10,-18.8,-6.4,26.5
002688,2025-07-01,6.26,3000,2025-07-15,6.64,6.02,1130.0,牛市,到期,10,-27.7,-3.6,30.9
000876,2025-07-02,9.49,1500,2025-07-16,9.58,0.92,131.0,牛市,到期,10,-20.6,-2.9,34.9
002251,2025-07-02,4.96,3100,2025-07-16,4.9,-1.19,-183.0,牛市,到期,10,-35.3,-6.1,34.2
600988,2025-07-11,24.48,900,2025-07-25,23.56,-3.78,-832.0,牛市,到期,10,-25.3,-9.0,25.8
001212,2025-07-17,38.48,400,2025-07-31,40.6,5.53,851.0,牛市,到期,10,-33.7,-13.8,26.5
002946,2025-07-17,17.28,1000,2025-07-31,16.08,-6.93,-1197.0,牛市,到期,10,-19.0,-3.8,29.8
002977,2025-07-17,36.49,500,2025-07-31,35.89,-1.64,-300.0,牛市,到期,10,-25.9,-3.0,34.5
000967,2025-07-18,6.26,3100,2025-08-01,6.77,8.06,1565.0,牛市,到期,10,-20.0,-3.0,25.7
002355,2025-07-25,6.57,3200,2025-08-08,6.45,-1.89,-397.0,牛市,到期,10,-21.4,-9.1,15.2
603102,2025-08-04,43.08,400,2025-08-18,42.53,-1.29,-222.0,牛市,到期,10,-20.5,-0.6,33.4
603900,2025-08-04,9.92,1800,2025-08-18,10.1,1.81,324.0,牛市,到期,10,-33.9,-8.4,31.0
002365,2025-08-05,20.26,900,2025-08-19,20.38,0.57,103.0,牛市,到期,10,-37.3,-11.4,25.5
600770,2025-08-05,5.49,3300,2025-08-19,5.69,3.65,662.0,牛市,到期,10,-27.8,-0.8,31.5
000520,2025-08-08,4.85,4200,2025-08-22,4.94,1.89,385.0,牛市,到期,10,-19.6,-3.6,32.8
000701,2025-08-18,6.2,2800,2025-09-01,6.0,-3.19,-553.0,牛市,到期,10,-26.3,-3.4,19.3
605388,2025-08-18,7.67,2300,2025-09-01,7.96,3.71,655.0,牛市,到期,10,-37.9,-8.9,27.1
603883,2025-08-19,18.79,1000,2025-09-02,17.36,-7.61,-1429.0,牛市,到期,10,-18.1,-5.1,31.7
605388,2025-08-19,7.77,2400,2025-09-02,8.0,2.88,537.0,牛市,到期,10,-37.1,-7.9,32.0
002989,2025-08-22,30.49,600,2025-09-05,37.45,22.81,4174.0,牛市,到期,10,-20.4,-8.6,33.5
600798,2025-09-02,4.04,4500,2025-09-16,4.06,0.38,68.0,牛市,到期,10,-22.0,-5.5,33.3
601008,2025-09-02,5.99,3100,2025-09-16,5.82,-2.75,-510.0,牛市,到期,10,-28.7,-6.5,31.3
002365,2025-09-04,19.13,900,2025-09-18,17.99,-5.94,-1023.0,牛市,到期,10,-40.8,-17.6,29.3
003001,2025-09-04,26.27,700,2025-09-18,24.45,-6.91,-1271.0,牛市,到期,10,-29.9,-6.6,34.3
600927,2025-09-05,15.26,1600,2025-09-19,14.78,-3.15,-769.0,牛市,到期,10,-19.8,-2.0,31.5
002259,2025-09-16,4.26,4200,2025-09-30,4.05,-5.08,-909.0,牛市,到期,10,-21.4,-2.1,20.5
600644,2025-09-16,11.66,1500,2025-09-30,10.71,-8.14,-1423.0,牛市,到期,10,-34.6,-15.2,18.9
002857,2025-09-18,25.02,600,2025-10-10,24.52,-1.98,-298.0,牛市,到期,10,-20.4,-1.1,22.9
600391,2025-09-18,26.55,700,2025-10-10,27.85,4.88,906.0,牛市,到期,10,-25.2,-9.8,19.1
600435,2025-09-19,14.33,1600,2025-10-13,15.26,6.44,1477.0,牛市,到期,10,-22.3,-8.7,21.1
002174,2025-09-30,11.68,1400,2025-10-22,12.88,10.22,1671.0,牛市,到期,10,-36.1,-18.3,21.2
002235,2025-09-30,7.35,2400,2025-10-22,7.34,-0.1,-18.0,牛市,到期,10,-28.5,-11.3,23.1
000720,2025-10-10,3.37,5100,2025-10-24,3.45,2.54,436.0,牛市,到期,10,-19.3,-6.7,34.0
000989,2025-10-10,9.92,1700,2025-10-24,9.73,-1.89,-318.0,牛市,到期,10,-26.0,-12.2,23.2
000501,2025-10-13,9.71,2500,2025-10-27,9.85,1.45,351.0,牛市,到期,10,-25.3,-6.7,13.0
000610,2025-10-22,12.47,1400,2025-11-05,12.4,-0.55,-97.0,牛市,到期,10,-24.3,-6.2,24.7
002520,2025-10-22,5.98,3100,2025-11-05,6.03,0.9,167.0,牛市,到期,10,-22.3,-11.2,25.7
000034,2025-10-24,39.77,400,2025-11-07,43.83,10.21,1624.0,牛市,到期,10,-20.1,-7.4,30.8
001306,2025-10-24,91.99,200,2025-11-07,89.28,-2.95,-542.0,牛市,到期,10,-19.2,-6.1,32.2
000880,2025-10-27,31.1,800,2025-11-10,29.76,-4.3,-1069.0,牛市,到期,10,-24.9,-6.4,35.0
002335,2025-11-05,56.03,300,2025-11-19,53.07,-5.29,-889.0,牛市,到期,10,-29.8,-6.1,34.3
600400,2025-11-05,2.7,7100,2025-11-19,2.71,0.25,48.0,牛市,到期,10,-33.5,-0.7,31.3
002203,2025-11-07,11.04,1600,2025-11-21,11.5,4.16,735.0,牛市,到期,10,-20.7,-10.4,28.5
002393,2025-11-07,21.84,800,2025-11-21,20.14,-7.81,-1365.0,牛市,到期,10,-18.8,-8.7,25.8
000519,2025-11-10,18.49,1300,2025-11-24,19.46,5.28,1269.0,牛市,到期,10,-24.6,-5.9,25.2
000831,2025-11-19,48.65,300,2025-12-03,46.59,-4.22,-616.0,牛市,到期,10,-26.9,-8.1,25.1
603893,2025-11-19,175.03,100,2025-12-03,178.82,2.16,379.0,牛市,到期,10,-30.5,-12.3,35.0
002126,2025-11-21,33.34,500,2025-12-05,34.5,3.47,579.0,熊市,到期,10,-29.6,-11.1,28.2
003009,2025-11-21,50.49,400,2025-12-05,61.95,22.7,4584.0,熊市,到期,10,-27.1,-3.3,27.9
002097,2025-11-24,12.2,2100,2025-12-08,12.05,-1.18,-302.0,熊市,到期,10,-30.5,-11.6,25.2
000932,2025-12-03,5.62,2800,2025-12-17,5.44,-3.35,-528.0,牛市,到期,10,-19.1,-7.8,9.5
002335,2025-12-03,53.79,300,2025-12-17,55.35,2.91,470.0,牛市,到期,10,-32.6,-11.8,34.3
000009,2025-12-05,10.33,2000,2025-12-19,9.86,-4.56,-943.0,牛市,到期,10,-19.9,-6.5,28.3
000932,2025-12-05,5.68,3800,2025-12-19,5.54,-2.46,-531.0,牛市,到期,10,-18.4,-6.8,18.3
000048,2025-12-08,13.46,1900,2025-12-22,13.42,-0.26,-67.0,牛市,到期,10,-23.9,-17.0,19.4
002172,2025-12-17,3.99,3900,2025-12-31,3.94,-1.34,-208.0,熊市,到期,10,-23.8,-6.8,30.7
600556,2025-12-17,5.86,2700,2025-12-31,6.02,2.82,445.0,熊市,到期,10,-27.3,-5.1,32.3
000008,2025-12-19,2.93,7000,2026-01-06,3.12,6.53,1341.0,牛市,到期,10,-18.0,-2.3,30.6
000011,2025-12-19,9.24,2200,2026-01-06,9.0,-2.66,-541.0,牛市,到期,10,-21.2,-6.4,34.5
000559,2025-12-22,11.73,2200,2026-01-07,17.68,50.66,13078.0,牛市,到期,10,-22.9,-3.8,25.4
000685,2025-12-31,11.74,1300,2026-01-16,11.7,-0.4,-62.0,牛市,到期,10,-21.2,-5.3,24.1
000892,2025-12-31,7.04,2300,2026-01-16,7.87,11.81,1911.0,牛市,到期,10,-28.4,-1.8,34.8
000568,2026-01-06,118.2,100,2026-01-20,113.98,-3.57,-422.0,牛市,到期,10,-18.9,-8.8,32.8
002005,2026-01-06,2.54,11800,2026-01-20,3.1,22.23,6665.0,牛市,到期,10,-22.0,-4.3,34.7
002294,2026-01-07,51.81,700,2026-01-21,51.09,-1.4,-506.0,牛市,到期,10,-19.1,-10.8,34.5
002309,2026-01-16,3.0,5900,2026-01-30,2.93,-2.58,-457.0,牛市,到期,10,-31.3,-9.8,27.5
600156,2026-01-16,8.23,2200,2026-01-30,8.36,1.67,302.0,牛市,到期,10,-23.5,-5.9,28.0
603363,2026-01-20,4.38,5400,2026-02-03,4.09,-6.79,-1608.0,牛市,到期,10,-26.4,-10.6,30.6
000753,2026-01-22,7.44,4000,2026-02-05,7.44,0.01,4.0,牛市,到期,10,-34.8,-12.7,33.6
000955,2026-01-22,5.8,5200,2026-02-05,5.69,-1.76,-530.0,牛市,到期,10,-34.4,-12.4,32.1
000973,2026-01-30,12.46,1400,2026-02-13,13.77,10.52,1834.0,牛市,到期,10,-23.3,-3.6,34.9
003016,2026-01-30,8.97,2000,2026-02-13,8.68,-3.25,-582.0,牛市,到期,10,-30.4,-7.1,25.3
002453,2026-02-03,5.94,3800,2026-02-25,6.24,5.1,1150.0,牛市,到期,10,-30.5,-12.0,26.1
002317,2026-02-05,19.56,1500,2026-02-27,18.83,-3.72,-1091.0,牛市,到期,10,-30.6,-10.4,34.6
002862,2026-02-05,18.9,1500,2026-02-27,18.09,-4.26,-1209.0,牛市,到期,10,-25.3,-8.4,22.2
000766,2026-02-13,23.78,800,2026-03-09,21.1,-11.27,-2143.0,牛市,到期,10,-19.4,-12.1,26.8
600721,2026-02-13,9.36,2000,2026-03-09,8.95,-4.45,-833.0,牛市,到期,10,-26.3,-6.7,31.6
000766,2026-02-25,23.92,1000,2026-03-11,21.04,-12.04,-2880.0,牛市,到期,10,-18.7,-11.1,30.4
002315,2026-02-27,46.29,600,2026-03-13,41.53,-10.29,-2857.0,牛市,到期,10,-27.7,-4.2,32.0
600593,2026-02-27,38.37,700,2026-03-13,38.31,-0.17,-44.0,牛市,到期,10,-27.3,-11.9,23.2
000681,2026-03-09,23.7,700,2026-03-23,19.75,-16.66,-2763.0,牛市,到期,10,-33.0,-7.4,32.0
002117,2026-03-09,11.31,1700,2026-03-23,9.93,-12.2,-2346.0,牛市,到期,10,-22.4,-8.7,32.9
001207,2026-03-11,22.15,900,2026-03-25,20.43,-7.79,-1554.0,牛市,到期,10,-23.6,-10.9,33.3
002612,2026-03-13,17.7,1500,2026-03-27,16.44,-7.14,-1895.0,牛市,到期,10,-18.7,-8.9,34.6
600962,2026-03-13,20.59,1200,2026-03-27,19.59,-4.86,-1202.0,牛市,到期,10,-21.1,-7.2,28.5
000881,2026-03-24,7.67,2100,2026-04-08,7.68,0.09,15.0,熊市,到期,10,-21.5,-11.8,33.6
002099,2026-03-24,6.94,2300,2026-04-08,7.05,1.7,272.0,熊市,到期,10,-24.3,-1.6,34.2
000301,2026-03-25,10.89,1700,2026-04-09,11.11,2.06,381.0,熊市,到期,10,-26.5,-8.3,18.9
000565,2026-03-27,7.51,3200,2026-04-13,7.17,-4.49,-1080.0,熊市,到期,10,-19.2,-7.1,31.3
000581,2026-03-27,20.8,1100,2026-04-13,20.7,-0.44,-101.0,熊市,到期,10,-20.7,-5.6,21.6
000021,2026-04-08,28.05,600,2026-04-22,29.01,3.4,572.0,熊市,到期,10,-22.6,-6.7,29.1
000560,2026-04-08,2.95,5800,2026-04-22,2.92,-1.25,-214.0,熊市,到期,10,-19.7,-7.3,25.3
002394,2026-04-09,13.99,1300,2026-04-23,13.14,-6.05,-1101.0,熊市,到期,10,-31.3,-7.5,34.6
000862,2026-04-13,6.44,3600,2026-04-27,6.66,3.34,775.0,熊市,到期,10,-32.3,-6.7,19.3
001316,2026-04-22,36.93,400,2026-05-11,43.88,18.8,2778.0,熊市,到期,10,-42.4,-24.9,27.7
002595,2026-04-22,63.14,300,2026-05-11,58.74,-6.98,-1322.0,熊市,到期,10,-38.3,-26.6,28.6
000968,2026-04-23,9.27,1900,2026-05-12,8.26,-10.89,-1919.0,熊市,到期,10,-24.5,-0.2,33.1
002412,2026-04-27,6.24,3800,2026-05-14,6.84,9.7,2300.0,熊市,到期,10,-28.0,-9.6,20.7
000401,2026-05-11,4.3,4100,2026-05-25,3.86,-10.35,-1826.0,牛市,到期,10,-20.6,-12.4,25.9
002019,2026-05-11,11.26,1500,2026-05-25,10.05,-10.75,-1816.0,牛市,到期,10,-24.2,-11.1,16.9
002508,2026-05-12,18.46,900,2026-05-26,17.06,-7.55,-1255.0,牛市,到期,10,-18.6,-9.0,33.1
002639,2026-05-14,18.37,1400,2026-05-28,16.41,-10.66,-2741.0,牛市,到期,10,-21.8,-6.4,31.5
002497,2026-05-25,25.08,600,2026-06-08,20.28,-19.15,-2882.0,熊市,到期,10,-22.1,-3.0,21.0
002734,2026-05-25,16.64,900,2026-06-08,16.12,-3.14,-470.0,熊市,到期,10,-27.6,-10.0,32.9
000035,2026-05-26,6.13,2700,2026-06-09,5.05,-17.61,-2914.0,熊市,到期,10,-29.3,-12.2,32.9
000525,2026-05-28,5.03,4500,2026-06-11,4.4,-12.43,-2814.0,熊市,到期,10,-33.5,-15.2,24.3
002009,2026-06-08,23.93,500,2026-06-23,20.43,-14.65,-1752.0,熊市,到期,10,-20.8,-3.6,29.3
002342,2026-06-08,11.75,1200,2026-06-23,9.38,-20.16,-2843.0,熊市,到期,10,-51.4,-24.4,23.6
000973,2026-06-09,14.63,1000,2026-06-24,15.34,4.8,702.0,熊市,到期,10,-34.7,-16.2,23.2
000912,2026-06-11,3.74,5300,2026-06-26,3.23,-13.52,-2681.0,熊市,到期,10,-44.6,-20.8,32.6
000402,2026-06-23,2.76,3900,2026-07-07,2.36,-14.52,-1564.0,熊市,到期,10,-21.5,-3.9,23.7
000428,2026-06-23,3.39,3100,2026-07-07,3.04,-10.37,-1089.0,熊市,到期,10,-20.6,-9.7,34.1
603682,2026-06-24,7.9,1900,2026-07-08,7.94,0.42,63.0,熊市,到期,10,-19.4,-0.5,29.0
002183,2026-06-26,5.7,3100,2026-07-10,4.81,-15.52,-2740.0,熊市,到期,10,-28.8,-7.7,24.4
000802,2026-07-07,3.67,2500,2026-07-15,3.67,0.03,3.0,熊市,期末强平,6,-33.8,-17.6,27.5
002108,2026-07-07,4.19,2200,2026-07-15,4.28,1.96,181.0,熊市,期末强平,6,-34.9,-18.0,25.6
002348,2026-07-08,11.08,1300,2026-07-15,10.76,-2.84,-409.0,熊市,期末强平,5,-31.7,-7.2,32.5
000889,2026-07-10,3.11,5100,2026-07-15,3.26,4.78,760.0,熊市,期末强平,3,-47.5,-25.6,10.7
