序号,调仓日,代码,名称行业,买入价,投入资金,前向收益%,持有天数,退出原因,退出日,盈亏元,账户净值,备注
1,2025-07-01,,,,,,,,,,100000.0,无合格标的(候选0)
2,2025-07-04,600016,高股息精选,4.892,33333.33,2.88,3,Adaptive_RSI(83),2025-07-09,959.83,100374.07,等权1/3仓
3,2025-07-04,600919,其它,11.995,33333.33,-2.3,2,Adaptive_MA5,2025-07-08,-766.88,100374.07,等权1/3仓
4,2025-07-04,601398,其它,7.444,33333.33,0.54,3,Time_Exit,2025-07-09,181.12,100374.07,等权1/3仓
5,2025-07-09,002640,拼多多概念,5.45,100374.07,5.2,1,Adaptive_TP(2%),2025-07-10,5219.45,105593.52,等权1/1仓
6,2025-07-14,002916,PCB概念,123.98,105593.52,5.2,1,Adaptive_TP(2%),2025-07-15,5490.86,111084.39,等权1/1仓
7,2025-07-17,002938,同花顺果指数,45.94,37028.13,2.51,1,Adaptive_Bias(29%),2025-07-18,928.91,114962.0,等权1/3仓
8,2025-07-17,603228,其它,53.2,37028.13,6.2,1,Adaptive_TP(8%),2025-07-18,2295.74,114962.0,等权1/3仓
9,2025-07-17,600183,PCB概念,37.06,37028.13,1.76,2,Adaptive_Bias(19%),2025-07-21,652.96,114962.0,等权1/3仓
10,2025-07-22,603993,其它,9.06,38320.67,0.86,3,Time_Exit,2025-07-25,327.88,113272.22,等权1/3仓
11,2025-07-22,000933,俄乌冲突概念,19.39,38320.67,-2.5,3,Time_Exit,2025-07-25,-958.75,113272.22,等权1/3仓
12,2025-07-22,002271,冰雪产业,11.715,38320.67,-2.76,3,Time_Exit,2025-07-25,-1058.91,113272.22,等权1/3仓
13,2025-07-25,002371,国家大基金持股,341.96,113272.22,1.32,3,Time_Exit,2025-07-30,1492.03,114764.25,等权1/1仓
14,2025-07-30,,,,,,,,,,114764.25,无合格标的(候选0)
15,2025-08-04,002049,汽车芯片,73.98,114764.25,2.88,3,Time_Exit,2025-08-07,3301.39,118065.64,等权1/1仓
16,2025-08-07,002896,减速器,102.97,39355.21,-4.8,1,Adaptive_SL(4%),2025-08-08,-1889.05,114598.15,等权1/3仓
17,2025-08-07,002008,光纤概念,29.13,39355.21,-2.8,1,Adaptive_SL(2%),2025-08-08,-1101.95,114598.15,等权1/3仓
18,2025-08-07,601225,其它,21.911,39355.21,-1.21,3,Time_Exit,2025-08-12,-476.49,114598.15,等权1/3仓
19,2025-08-12,,,,,,,,,,114598.15,无合格标的(候选0)
20,2025-08-15,600839,其它,10.46,114598.15,5.2,2,Adaptive_TP(2%),2025-08-19,5959.1,120557.25,等权1/1仓
21,2025-08-20,600584,其它,37.67,40185.75,-3.77,1,Adaptive_MA5,2025-08-21,-1516.28,122161.93,等权1/3仓
22,2025-08-20,603019,中国AI50,76.14,40185.75,5.2,2,Adaptive_TP(2%),2025-08-22,2089.66,122161.93,等权1/3仓
23,2025-08-20,002230,AI语料,50.5,40185.75,2.57,3,Time_Exit,2025-08-25,1031.3,122161.93,等权1/3仓
24,2025-08-25,600522,其它,15.85,61080.96,2.73,3,Time_Exit,2025-08-28,1669.42,124203.78,等权1/2仓
25,2025-08-25,601899,其它,21.99,61080.96,0.61,3,Time_Exit,2025-08-28,372.43,124203.78,等权1/2仓
26,2025-08-28,002463,PCB概念,64.12,62101.89,6.2,1,Adaptive_TP(2%),2025-08-29,3850.32,126315.24,等权1/2仓
27,2025-08-28,002938,同花顺果指数,56.93,62101.89,-2.8,1,Adaptive_SL(2%),2025-08-29,-1738.85,126315.24,等权1/2仓
28,2025-09-02,002602,电子竞技,16.0,42105.08,-2.36,2,Adaptive_MA5,2025-09-04,-994.73,123824.81,等权1/3仓
29,2025-09-02,000333,超级品牌,75.67,42105.08,-0.72,3,Time_Exit,2025-09-05,-303.45,123824.81,等权1/3仓
30,2025-09-02,601857,其它,8.86,42105.08,-2.83,3,Adaptive_MA5,2025-09-05,-1192.25,123824.81,等权1/3仓
31,2025-09-05,601929,其它,5.45,41274.94,-0.43,1,Adaptive_Bias(28%),2025-09-08,-178.73,119683.68,等权1/3仓
32,2025-09-05,002459,硅能源,14.01,41274.94,-4.8,3,Adaptive_SL(4%),2025-09-10,-1981.2,119683.68,等权1/3仓
33,2025-09-05,600601,PCB概念,9.64,41274.94,-4.8,1,Adaptive_SL(4%),2025-09-08,-1981.2,119683.68,等权1/3仓
34,2025-09-10,,,,,,,,,,119683.68,无合格标的(候选0)
35,2025-09-15,,,,,,,,,,119683.68,无合格标的(候选0)
36,2025-09-18,600745,其它,49.32,119683.68,-4.8,1,Adaptive_SL(4%),2025-09-19,-5744.82,113938.86,等权1/1仓
37,2025-09-23,600577,其它,9.44,113938.86,6.2,1,Adaptive_TP(2%),2025-09-24,7064.21,121003.07,等权1/1仓
38,2025-09-26,,,,,,,,,,121003.07,无合格标的(候选0)
39,2025-10-09,000792,盐湖提锂,22.41,40334.36,-0.35,3,Time_Exit,2025-10-14,-142.69,118413.11,等权1/3仓
40,2025-10-09,601600,其它,8.557,40334.36,-1.27,3,Time_Exit,2025-10-14,-511.22,118413.11,等权1/3仓
41,2025-10-09,601100,其它,103.7,40334.36,-4.8,1,Adaptive_SL(4%),2025-10-10,-1936.05,118413.11,等权1/3仓
42,2025-10-14,,,,,,,,,,118413.11,无合格标的(候选0)
43,2025-10-17,,,,,,,,,,118413.11,无合格标的(候选0)
44,2025-10-22,600938,其它,27.13,118413.11,1.41,3,Time_Exit,2025-10-27,1671.49,120084.6,等权1/1仓
45,2025-10-27,603160,其它,86.45,120084.6,-3.44,3,Adaptive_MA5,2025-10-30,-4127.74,115956.86,等权1/1仓
46,2025-10-30,002466,盐湖提锂,55.68,115956.86,-4.8,1,Adaptive_SL(4%),2025-10-31,-5565.93,110390.93,等权1/1仓
47,2025-11-04,601398,其它,7.989,110390.93,-1.8,3,Adaptive_MA5,2025-11-07,-1988.56,108402.37,等权1/1仓
48,2025-11-07,600089,其它,26.5,108402.37,-1.37,1,Adaptive_Bias(25%),2025-11-10,-1480.82,106921.56,等权1/1仓
49,2025-11-12,601600,其它,11.71,106921.56,3.13,1,Adaptive_Bias(22%),2025-11-13,3344.79,110266.35,等权1/1仓
50,2025-11-17,002756,锂电池概念,56.28,36755.45,-4.8,1,Adaptive_SL(4%),2025-11-18,-1764.26,109384.22,等权1/3仓
51,2025-11-17,002466,盐湖提锂,62.2,36755.45,-4.8,1,Adaptive_SL(4%),2025-11-18,-1764.26,109384.22,等权1/3仓
52,2025-11-17,002512,其它,5.9,36755.45,7.2,1,Adaptive_TP(4%),2025-11-18,2646.39,109384.22,等权1/3仓
53,2025-11-20,,,,,,,,,,109384.22,无合格标的(候选0)
54,2025-11-25,,,,,,,,,,109384.22,无合格标的(候选0)
55,2025-11-28,,,,,,,,,,109384.22,无合格标的(候选0)
56,2025-12-03,,,,,,,,,,109384.22,无合格标的(候选0)
57,2025-12-08,603933,其它,31.55,109384.22,-4.8,1,Adaptive_SL(4%),2025-12-09,-5250.44,104133.77,等权1/1仓
58,2025-12-11,,,,,,,,,,104133.77,无合格标的(候选0)
59,2025-12-16,,,,,,,,,,104133.77,无合格标的(候选0)
60,2025-12-19,600280,其它,5.1,52066.89,-4.8,1,Adaptive_SL(4%),2025-12-22,-2499.21,102518.36,等权1/2仓
61,2025-12-19,000807,俄乌冲突概念,29.23,52066.89,1.7,3,Time_Exit,2025-12-24,883.8,102518.36,等权1/2仓
62,2025-12-24,000547,军工信息化,24.93,51259.18,1.89,1,Adaptive_Bias(24%),2025-12-25,967.53,106151.37,等权1/2仓
63,2025-12-24,002151,卫星导航,37.35,51259.18,5.2,2,Adaptive_TP(2%),2025-12-26,2665.48,106151.37,等权1/2仓
64,2025-12-29,600343,其它,46.94,35383.79,3.06,1,Adaptive_Bias(31%),2025-12-30,1081.32,108719.38,等权1/3仓
65,2025-12-29,000592,福建自贸区,16.2,35383.79,2.9,1,Adaptive_Bias(24%),2025-12-30,1027.44,108719.38,等权1/3仓
66,2025-12-29,600862,其它,24.31,35383.79,1.3,3,Time_Exit,2026-01-05,459.25,108719.38,等权1/3仓
67,2026-01-05,600151,军民融合,19.31,36239.79,6.2,3,Adaptive_TP(2%),2026-01-08,2246.87,114055.54,等权1/3仓
68,2026-01-05,002738,小金属概念,84.13,36239.79,3.32,1,Adaptive_Bias(23%),2026-01-06,1204.82,114055.54,等权1/3仓
69,2026-01-05,601336,其它,75.88,36239.79,5.2,2,Adaptive_TP(2%),2026-01-07,1884.47,114055.54,等权1/3仓
70,2026-01-08,002149,航空发动机,49.4,114055.54,1.59,1,Adaptive_Bias(25%),2026-01-09,1811.96,115867.49,等权1/1仓
71,2026-01-13,600550,其它,13.09,115867.49,-4.8,1,Adaptive_SL(4%),2026-01-14,-5561.64,110305.86,等权1/1仓
72,2026-01-16,002008,光纤概念,47.16,110305.86,-2.8,3,Adaptive_SL(2%),2026-01-21,-3088.56,107217.29,等权1/1仓
73,2026-01-21,600988,其它,38.39,53608.65,5.2,3,Adaptive_TP(2%),2026-01-26,2787.65,107431.73,等权1/2仓
74,2026-01-21,600418,其它,52.45,53608.65,-4.8,3,Adaptive_SL(4%),2026-01-26,-2573.21,107431.73,等权1/2仓
75,2026-01-26,600938,其它,33.49,53715.86,5.2,2,Adaptive_TP(2%),2026-01-28,2793.22,107646.59,等权1/2仓
76,2026-01-26,600711,其它,18.18,53715.86,-4.8,1,Adaptive_SL(4%),2026-01-27,-2578.36,107646.59,等权1/2仓
77,2026-01-29,600362,其它,70.47,53823.29,-4.8,1,Adaptive_SL(4%),2026-01-30,-2583.52,102479.55,等权1/2仓
78,2026-01-29,601600,其它,15.7,53823.29,-4.8,1,Adaptive_SL(4%),2026-01-30,-2583.52,102479.55,等权1/2仓
79,2026-02-03,002149,航空发动机,57.03,51239.78,-4.8,1,Adaptive_SL(4%),2026-02-04,-2459.51,101002.88,等权1/2仓
80,2026-02-03,600519,其它,1474.92,51239.78,1.92,3,Time_Exit,2026-02-06,982.84,101002.88,等权1/2仓
81,2026-02-06,,,,,,,,,,101002.88,无合格标的(候选0)
82,2026-02-11,600188,煤炭概念,16.65,101002.88,4.37,1,Adaptive_Bias(19%),2026-02-12,4408.94,105411.82,等权1/1仓
83,2026-02-24,002240,盐湖提锂,41.98,35137.27,6.2,1,Adaptive_TP(2%),2026-02-25,2178.51,104217.16,等权1/3仓
84,2026-02-24,000338,汽车电子,29.1,35137.27,-4.8,3,Adaptive_SL(4%),2026-02-27,-1686.59,104217.16,等权1/3仓
85,2026-02-24,600938,其它,37.22,35137.27,-4.8,2,Adaptive_SL(4%),2026-02-26,-1686.59,104217.16,等权1/3仓
86,2026-02-27,600487,其它,47.5,34739.05,6.2,1,Adaptive_TP(8%),2026-03-02,2153.82,108217.07,等权1/3仓
87,2026-02-27,601208,其它,34.95,34739.05,-0.89,1,Adaptive_Bias(23%),2026-03-02,-307.73,108217.07,等权1/3仓
88,2026-02-27,000988,F5G概念,89.86,34739.05,6.2,1,Adaptive_TP(2%),2026-03-02,2153.82,108217.07,等权1/3仓
89,2026-03-04,600821,其它,7.87,54108.53,-1.44,1,Adaptive_Bias(22%),2026-03-05,-776.63,110795.16,等权1/2仓
90,2026-03-04,002272,液冷服务器,21.07,54108.53,6.2,1,Adaptive_TP(8%),2026-03-05,3354.73,110795.16,等权1/2仓
91,2026-03-09,,,,,,,,,,110795.16,无合格标的(候选0)
92,2026-03-12,,,,,,,,,,110795.16,无合格标的(候选0)
93,2026-03-17,,,,,,,,,,110795.16,无合格标的(候选0)
94,2026-03-20,605117,其它,140.7,55397.58,-4.8,2,Adaptive_SL(4%),2026-03-24,-2659.08,106469.09,等权1/2仓
95,2026-03-20,601225,其它,27.16,55397.58,-3.01,2,Adaptive_MA5,2026-03-24,-1666.99,106469.09,等权1/2仓
96,2026-03-25,,,,,,,,,,106469.09,无合格标的(候选0)
97,2026-03-30,001309,存储芯片,399.9,53234.55,-4.8,1,Adaptive_SL(4%),2026-03-31,-2555.26,101398.92,等权1/2仓
98,2026-03-30,600186,算力租赁,7.39,53234.55,-4.72,1,Adaptive_MA5,2026-03-31,-2514.92,101398.92,等权1/2仓
99,2026-04-02,,,,,,,,,,101398.92,无合格标的(候选0)
100,2026-04-08,002222,光纤概念,81.09,50699.46,-0.06,1,Adaptive_Bias(21%),2026-04-09,-30.46,104511.82,等权1/2仓
101,2026-04-08,002384,共封装光学(CPO),119.91,50699.46,6.2,1,Adaptive_TP(2%),2026-04-09,3143.37,104511.82,等权1/2仓
102,2026-04-13,002648,煤化工概念,30.29,104511.82,-4.8,2,Adaptive_SL(4%),2026-04-15,-5016.57,99495.26,等权1/1仓
103,2026-04-16,603083,其它,131.8,49747.63,5.2,1,Adaptive_TP(2%),2026-04-17,2586.88,104669.01,等权1/2仓
104,2026-04-16,002475,同花顺果指数,60.45,49747.63,5.2,2,Adaptive_TP(2%),2026-04-20,2586.88,104669.01,等权1/2仓
105,2026-04-21,603601,其它,16.25,52334.5,-4.8,2,Adaptive_SL(4%),2026-04-23,-2512.06,105401.69,等权1/2仓
106,2026-04-21,002636,PCB概念,41.755,52334.5,6.2,1,Adaptive_TP(2%),2026-04-22,3244.74,105401.69,等权1/2仓
107,2026-04-24,,,,,,,,,,105401.69,无合格标的(候选0)
108,2026-04-29,002466,盐湖提锂,75.52,35133.9,5.2,1,Adaptive_TP(2%),2026-04-30,1826.96,105448.26,等权1/3仓
109,2026-04-29,600884,其它,16.9,35133.9,-0.27,3,Time_Exit,2026-05-07,-93.97,105448.26,等权1/3仓
110,2026-04-29,000155,盐湖提锂,19.25,35133.9,-4.8,1,Adaptive_SL(4%),2026-04-30,-1686.43,105448.26,等权1/3仓
111,2026-05-07,600208,黄金概念,5.1,35149.42,5.2,1,Adaptive_TP(8%),2026-05-08,1827.77,111283.06,等权1/3仓
112,2026-05-07,603601,其它,17.31,35149.42,6.2,1,Adaptive_TP(8%),2026-05-08,2179.26,111283.06,等权1/3仓
113,2026-05-07,600726,其它,7.61,35149.42,5.2,1,Adaptive_TP(8%),2026-05-08,1827.77,111283.06,等权1/3仓
114,2026-05-12,,,,,,,,,,111283.06,无合格标的(候选0)
115,2026-05-15,600699,其它,30.192,111283.06,-4.8,3,Adaptive_SL(4%),2026-05-20,-5341.59,105941.48,等权1/1仓
116,2026-05-20,,,,,,,,,,105941.48,无合格标的(候选0)
117,2026-05-25,002436,PCB概念,38.09,35313.83,-0.83,1,Adaptive_Bias(18%),2026-05-26,-291.78,108441.44,等权1/3仓
118,2026-05-25,600460,其它,34.19,35313.83,7.2,2,Adaptive_TP(8%),2026-05-27,2542.6,108441.44,等权1/3仓
119,2026-05-25,002049,汽车芯片,85.02,35313.83,0.71,3,Time_Exit,2026-05-28,249.15,108441.44,等权1/3仓
120,2026-05-28,002655,无线充电,42.54,36147.15,-4.8,1,Adaptive_SL(4%),2026-05-29,-1735.06,103236.25,等权1/3仓
121,2026-05-28,002080,PCB概念,76.076,36147.15,-4.8,1,Adaptive_SL(4%),2026-05-29,-1735.06,103236.25,等权1/3仓
122,2026-05-28,603290,其它,142.492,36147.15,-4.8,1,Adaptive_SL(4%),2026-05-29,-1735.06,103236.25,等权1/3仓
123,2026-06-02,601991,其它,9.18,34412.08,6.2,1,Adaptive_TP(8%),2026-06-03,2133.55,105851.57,等权1/3仓
124,2026-06-02,603011,其它,28.99,34412.08,6.2,1,Adaptive_TP(2%),2026-06-03,2133.55,105851.57,等权1/3仓
125,2026-06-02,002436,PCB概念,42.22,34412.08,-4.8,1,Adaptive_SL(4%),2026-06-03,-1651.78,105851.57,等权1/3仓
126,2026-06-05,000681,快手概念,24.31,105851.57,-4.8,1,Adaptive_SL(4%),2026-06-08,-5080.88,100770.69,等权1/1仓
127,2026-06-10,603859,其它,57.65,50385.35,-4.8,1,Adaptive_SL(4%),2026-06-11,-2418.5,97679.64,等权1/2仓
128,2026-06-10,603663,其它,74.79,50385.35,-1.33,1,Adaptive_Bias(27%),2026-06-11,-672.56,97679.64,等权1/2仓
129,2026-06-15,600160,PVDF概念,46.59,32559.88,-0.56,1,Adaptive_Bias(24%),2026-06-16,-183.6,101207.86,等权1/3仓
130,2026-06-15,002842,小金属概念,43.282,32559.88,5.2,1,Adaptive_TP(2%),2026-06-16,1693.11,101207.86,等权1/3仓
131,2026-06-15,600141,磷化工,36.742,32559.88,6.2,1,Adaptive_TP(2%),2026-06-16,2018.71,101207.86,等权1/3仓
132,2026-06-18,002741,PET铜箔,41.3,50603.93,-0.17,1,Adaptive_RSI(83),2026-06-22,-86.26,101922.09,等权1/2仓
133,2026-06-18,002436,PCB概念,52.06,50603.93,1.58,1,Adaptive_Bias(31%),2026-06-22,800.49,101922.09,等权1/2仓
134,2026-06-24,600961,其它,35.71,33974.03,-2.79,1,Adaptive_Bias(30%),2026-06-25,-947.28,101450.45,等权1/3仓
135,2026-06-24,600552,其它,27.85,33974.03,-4.8,1,Adaptive_SL(4%),2026-06-25,-1630.75,101450.45,等权1/3仓
136,2026-06-24,000962,芯片概念,76.38,33974.03,6.2,1,Adaptive_TP(2%),2026-06-25,2106.39,101450.45,等权1/3仓
137,2026-06-29,600707,其它,15.35,33816.82,6.2,1,Adaptive_TP(2%),2026-06-30,2096.64,103972.64,等权1/3仓
138,2026-06-29,002129,BC电池,11.73,33816.82,1.67,1,Adaptive_Bias(19%),2026-06-30,565.52,103972.64,等权1/3仓
139,2026-06-29,601211,其它,18.13,33816.82,-0.41,3,Time_Exit,2026-06-30,-139.97,103972.64,等权1/3仓
140,2026-07-02,603078,光刻胶,56.9,51986.32,-8.8,1,Adaptive_SL(8%),2026-07-03,-4574.8,96902.5,等权1/2仓
141,2026-07-02,600160,PVDF概念,54.83,51986.32,-4.8,1,Adaptive_SL(4%),2026-07-03,-2495.34,96902.5,等权1/2仓
142,2026-07-07,600360,其它,15.32,96902.5,3.57,2,Adaptive_Bias(19%),2026-07-09,3462.68,100365.18,等权1/1仓
143,2026-07-10,002409,国家大基金持股,207.17,50182.59,-4.8,1,Adaptive_SL(4%),2026-07-13,-2408.76,101569.56,等权1/2仓
144,2026-07-10,603127,其它,43.22,50182.59,7.2,1,Adaptive_TP(8%),2026-07-13,3613.15,101569.56,等权1/2仓
